name,game,release,version,filename,filesize,md5,sha1,crc32
Doom,Doom,shareware,1.0,DOOM1.WAD,4207819,90facab21eede7981be10790e3f82da2,fc0359e191bd257b3507863ae412ef3250515866,eedAE672
Doom,Doom,shareware,1.1,DOOM1.WAD,4274218,52cbc8882f445573ce421fa5453513c1,d4dc6806abd96bd93570c8df436fb6956e13d910,981DCEBB
Doom,Doom,shareware,1.2,DOOM1.WAD,4225504,30aa5beb9e5ebfbbe1e1765561c08f38,77ef34de7f13dc36b792fb82ed6805e9c1dc7afc,BC842626
Doom,Doom,shareware,1.25,DOOM1.WAD,4225460,17aebd6b5f2ed8ce07aa526a32af8d99,72caf585f7ce56861d25f8580c1cc82bf50abd1b,225D7FB1
Doom,Doom,shareware beta,1.4,DOOM1.WAD,4261144,a21ae40c388cb6f2c3cc1b95589ee693,b4a8e93f1f9544210a173035a0b04c19eb283a2a,F5C2708D
Doom,Doom,shareware beta,1.5,DOOM1.WAD,4271324,e280233d533dcc28c1acd6ccdc7742d4,b559ba93d0a96e242eb6ded9deeedbd6f79d40fc,8653B0EB
Doom,Doom,shareware beta,1.6,DOOM1.WAD,4211660,762fd6d4b960d4b759730f01387a50a1,1437fc1ac25a17d5b3cef4c9d2f74e40cae3d231,F26DCAD8
Doom,Doom,registered,1.1,DOOM.WAD,10396254,981b03e6d1dc033301aa3095acc437ce,df0040ccb29cc1622e74ceb3b7793a2304cca2c8,66457AB9
Doom,Doom,registered,1.2,DOOM.WAD,10399316,792fd1fea023d61210857089a7c1e351,b5f86a559642a2b3bdfb8a75e91c8da97f057fe6,A5DA8930
Doom,Doom,registered,1.666,DOOM.WAD,11159840,54978d12de87f162b9bcc011676cb3c0,2e89b86859acd9fc1e552f587b710751efcffa8e,F756AAB5
Doom,Doom,registered,1.8,DOOM.WAD,11159840,11e1cd216801ea2657723abc86ecb01f,2c8212631b37f21ad06d18b5638c733a75e179ff,8D242DF9
Doom,Doom,registered,1.9,DOOM.WAD,11159840,1cd63c5ddff1bf8ce844237f580e9cf3,7742089b4468a736cadb659a7deca3320fe6dcbd,723E60F9
Doom,Doom,Ultimate Doom,1.9,DOOM.WAD,12408292,c4fe9fd920207691a9f493668e0a2083,9b07b02ab3c275a6a7570c3f73cc20d63a0e3833,BF0EAAC0
Ultimate Doom,Ultimate Doom,BFG Edition,BFG,DOOM.WAD,12487824,fb35c4a5a9fd49ec29ab6e900572c524,e5ec79505530e151ff0e6f517f3ce1fd65969c46,5EFA677E
Ultimate Doom,Ultimate Doom,Unity,1.0,DOOM.WAD,12468955,232a79f7121b22d7401905ee0ee1e487,f770111ca9eb6d49aead51fcbd398719b462e64b,46359DFB
Ultimate Doom,Ultimate Doom,Unity,1.1,DOOM.WAD,12468955,21b200688d0fa7c1b6f63703d2bdd455,08ab2507e1d525c4c06b6df4f6d5862568a6b009,346A4BFD
Ultimate Doom,Ultimate Doom,XBLA,standalone,DOOM.WAD,12475196,72286ddc680d47b9138053dd944b2a3d,37de4510216eb3ce9a835dd939109443375d10c5,B8583CD5
Ultimate Doom,Ultimate Doom,Xbox,original,DOOM.WAD,12538385,0c8758f102ccafe26a3040bee8ba5021,1d1d4f69fe14fa255228d8243470678b1b4efdc5,FF1BA733
Ultimate Doom,Ultimate Doom,Xbox 360 BFG,BFG,DOOM.WAD,12474561,7912931e44c7d56e021084a256659800,d6a9f0172eca101471128ec61be975361f2ad28e,6010FD43
Ultimate Doom,Ultimate Doom,PSN,Classic Complete,DOOM.WAD,12474561,e4f120eab6fb410a5b6e11c947832357,117015379c529573510be08cf59810aa10bb934e,3F646587
Doom Pocket PC,Doom,Pocket PC,Ultimate Doom-derived,DOOM.WAD,14445632,dae77aff77a0491e3b7254c9c8401aa8,a89b39d91122882214c3088b8cd6b308713bd7c2,4500749F
Doom II,Doom II,registered,1.666,DOOM2.WAD,14943400,30e3c2d0350b67bfbf47271970b74b2f,6d559b7ceece4f5ad457415049711992370d520a,E2A683BD
Doom II,Doom II,registered German,1.666g,DOOM2.WAD,14824716,d9153ced9fd5b898b36cc5844e35b520,a4ce5128d57cb129fdd1441c12b58245be55c8ce,C08005F7
Doom II,Doom II,registered,1.7,DOOM2.WAD,14612688,ea74a47a791fdef2e9f2ea8b8a9da13b,78009057420b792eacff482021db6fe13b370dcc,47DAEB2E
Doom II,Doom II,registered,1.7a,DOOM2.WAD,14612688,d7a07e5d3f4625074312bc299d7ed33f,70192b8d5aba65c7e633a7c7bcfe7e3e90640c97,952F6BAA
Doom II,Doom II,registered,1.8,DOOM2.WAD,14612688,c236745bb01d89bbb866c8fed81b6f8c,79c283b18e61b9a989cfd3e0f19a42ea98fda551,31BD3BC0
Doom II,Doom II,registered French,1.8f,DOOM2F.WAD,14607420,3cb02349b3df649c86290907eed64e7b,d510c877031bbd5f3d198581a2c8651e09b9861f,27EAAE69
Doom II,Doom II,registered,1.9,DOOM2.WAD,14604584,25e1459ca71d321525f84628f45ca8cd,7ec7652fcfce8ddc6e801839291f0e28ef1d5ae7,EC8725DB
Doom II,Doom II,BFG Edition,BFG,DOOM2.WAD,14691821,c3bea40570c23e511a7ed3ebcd9865f7,a59548125f59f6aa1a41c22f615557d3dd2e85a9,927A778A
Doom II,Doom II,Bethesda.net Original,vanilla rerelease,DOOM2.WAD,14603212,97573aaf26957099ed45e61d81a0a1a3,f1b6ba94352d53f646b67c01d2da88c5c40e3179,62FD057F
Doom II,Doom II,Doom + Doom II,rerelease,DOOM2.WAD,14802506,9aa3cbf65b961d0bdac98ec403b832e1,c745f04a6abc2e6d2a2d52382f45500dd2a260be,09B8A6AE
Doom II,Doom II,Unity,1.3,DOOM2.WAD,14685607,7895d10c281305c45a7e5f01b3f7b1d8,b723882122e90b61a1d92a11dcfcf9cbf95a407e,22C291C8
Doom II,Doom II,XBLA,standalone,DOOM2.WAD,14685034,43c2df32dc6c740cb11f34dc5ab693fa,55e445badd63d8841ebea887910c26c62c7f525e,3F2B4852
Doom II,Doom II,Xbox,original,DOOM2.WAD,14683458,a793ebcdd790afad4a1f39cc39a893bd,1c91d86cd8a2f3817227986503a6672a5e1613f0,218030C8
Doom II,Doom II,Tapwave Zodiac,original,DOOM2.WAD,14639397,9640fc4b2c8447bbd28f2080725d5c51,2cda310805397ae44059bbcaed3cd602f4864a82,541A97C2
Doom II,Doom II,PS3 Classic Complete,original,DOOM2.WAD,14599800,4c3db5f23b145fccd24c9b84aba3b7dd,ca8db908a7c9fbac764f34c148f0bcc78d18553e,451446E2
Doom II,Doom II,PS3/Xbox 360 BFG,BFG,DOOM2.WAD,14677988,f617591a6c5d07037eb716dc4863e26b,b7ba1c68631023ea1aab1d7b9f7f6e9afc508f39,1350E452
Final Doom: TNT Evilution,Final Doom,TNT Evilution,1.9,TNT.WAD,18195736,4e158d9953c79ccf97bd0663244cc6b6,9fbc66aedef7fe3bae0986cdb9323d2b8db4c9d3,903DCC27
Final Doom: TNT Evilution,Final Doom,TNT Evilution,id Anthology,TNT.WAD,18654796,1d39e405bf6ee3df69a8d2646c8d5c49,4a65c8b960225505187c36040b41a40b152f8f3e,D4BB05C0
Final Doom: TNT Evilution,Final Doom,TNT Evilution,PS3 Classic Complete,TNT.WAD,18222568,be626c12b7c9d94b1dfb9c327566b4ff,139e26d801a64b404b8d898defca10227a61867b,D5B82D26
Final Doom: TNT Evilution,Final Doom,TNT Evilution,Unity,TNT.WAD,18434452,a6685de59ddf2c07f45deeec95296d98,503271390606ebded04a2cfaa1a4e249c0313a9d,7A0117A3
Final Doom: TNT Evilution,Final Doom,TNT Evilution,KEX,tnt.wad,18507237,ad7885c17a6b9b79b09d7a7634dd7e2c,ab4e71e360a1e64e262d77a53e4bb202450d0f6e,6D7A8EEC
Final Doom: Plutonia,Final Doom,Final Doom,Plutonia,1.9,PLUTONIA.WAD,17420824,75c8cf89566741fa9d22447604053bd7,90361e2a538d2388506657252ae41aceeb1ba360,48D1453C
Final Doom: Plutonia,Final Doom,Final Doom,Plutonia,id Anthology,PLUTONIA.WAD,18240172,3493be7e1e2588bc9c8b31eab2587a04,f131cbe1946d7fddb3caec4aa258c83399c21e60,15CD1448
Final Doom: Plutonia,Final Doom,Final Doom,Plutonia,PS3 Classic Complete,PLUTONIA.WAD,17417800,b77ca6a809c4fae086162dad8e7a1335,327f8c41ebd4138354e9fca63cebbbd1b9489749,E5F2ABE3
Final Doom: Plutonia,Final Doom,Final Doom,Plutonia,Unity,PLUTONIA.WAD,17421754,0b381ff7bae93bde6496f9547463619d,54e27b5791fbc5677bf7e83c1de3a92ea3ef935b,7530BD6E
Final Doom: Plutonia,Final Doom,Final Doom,Plutonia,KEX,plutonia.wad,17704206,e47cf6d82a0ccedf8c1c16a284bb5937,fbcc140825b507ab88d844c6b1635c60c4b8bcd6,E82FBFD2
Doom II,Doom II,No Rest for the Living,BFG Edition,NERVE.WAD,3819855,967d5ae23daf45196212ae1b605da3b0,3451288383fb16e196f273d9f85d58c1fda97bf4,AD7F9292
Doom II,Doom II,No Rest for the Living,Unity,NERVE.WAD,3821966,4214c47651b63ee2257b1c2490a518c9,321e951f6cc6e9d51bc16eac53e0d001f0f3f338,AB68447F
Doom II,Doom II,No Rest for the Living,KEX,nerve.wad,4039441,23422eb42833ac7b0dd59c0c7ae18a6f,4522eaec7a13aac24b456e29520e99ac879e6989,07D9FAAB
Doom,Legacy of Rust,2025.01-verified,id1.wad,34816890,713c5a3c1734b1d55b2813a3dd0136d9,ae0ad951f475e6b10dd258a8d3eb7f1ee57b1bb9,666CB0E0
SIGIL,Doom,SIGIL,1.0,SIGIL.wad,4473686,f53ffc4fb89e966839bb8d20c632819a,5e5241f49f0dbb7a6f6df3d46b494c1e163a2c53,E74B2233
SIGIL,Doom,SIGIL,1.1,SIGIL.wad,4525740,1fe9daa0e837c7452eb2f91aac2cc983,1d95e599a1587d1130bf24356a73b817ac2c1b57,5A80C2CD
SIGIL,Doom,SIGIL,1.2,SIGIL_v1_2.wad,4639917,427ca995600970abcd2efcc684a64c88,ca88fa5749e494af5a757866c14008c305428ab6,8292A285
SIGIL,Doom,SIGIL,1.21,SIGIL_v1_21.wad,4640210,743d6323cb2b9be24c258ff0fc350883,e2efdf379e1383c4e15c03de89063361897cd459,F9216574
SIGIL,Doom,SIGIL,1.23,SIGIL_V1_23.wad,4640555,edd5c3dfd3fb1c981cf7390c5c14454e,c8ae9fb652d173212809da21c87803856fa9407b,C913116E
SIGIL,Doom,SIGIL,1.23 Registered,SIGIL_V1_23_REG.wad,166530532,25c5835ec5352c9587440b7403ff6e8f,92cfe7df72a459bfe439eb7ad792c3b07510e38b,087CBCC7
SIGIL,Doom,SIGIL,KEX,sigil.wad,4660156,08ee05388c137db5f5d7996e89425b95,89186ec316fe2ad7e065e685604230b60ee3bb29,C1280F17
SIGIL,Doom,SIGIL Compatible,1.0,SIGIL_COMPAT.wad,4468256,a775262ca0e423468196803b71a57a43,c7b52480221678f96daf8b8c34d08e05a4591704,ABAEF919
SIGIL,Doom,SIGIL Compatible,1.1,SIGIL_COMPAT.wad,4483345,c04912beab6aa82c114a19c976ec8c0d,60641c2519ba95565c714de09b1cf1358c4905fd,4FA56FDB
SIGIL,Doom,SIGIL Compatible,1.2,SIGIL_COMPAT_v1_2.wad,4633831,9285e9cc2dbd87d238baab37d700c644,90e02ee6fd023f6d62a64d71c05c4f00a841e7bd,C2E2F76B
SIGIL,Doom,SIGIL Compatible,1.21,SIGIL_COMPAT_v1_21.wad,4634157,573f3f178c76709f512089ed15484391,b5e68950820b3a0385375dbace81376e73568207,B7679050
SIGIL,Doom,SIGIL Compatible,1.23,SIGIL_COMPAT_V1_23.wad,4634503,e4c5ab58e226bfcc8761f35204aeb3fc,b5493e3d1f19795ca856602ad50eeb3833166738,1B9E4FF7
SIGIL,Doom,SIGIL Compatible,Unity,SIGIL.wad,4646543,94cd9ea558989c1eb681d5f02a2fe47e,7ed2c2293daf8a6f3f39e7ed24d1446b9b28e473,983C19A3
SIGIL,Doom,SIGIL Buckethead Music,release,SIGIL_SHREDS.wad,162146269,b424dcf46ae55a496c34ac37cce32646,efdc3b2255a50b1b058ac609044cbd5e36029bc4,CF88488F
SIGIL,Doom,SIGIL Buckethead Music Compatible,release,SIGIL_SHREDS_COMPAT.wad,162146269,343faa815928c58faa08939a4502d5d2,42a5034d76a4effb4a26194dbb90d6ee859e8374,8524DF67
SIGIL II,Doom II,SIGIL II,1.0,SIGIL_II_V1_0.WAD,5632323,d0442f5a75f2faef3405c09a0c3acc58,ad2c6e8367afbeef74e9e09b6b1e4da88c0576b4,D210DB36
SIGIL II,Doom II,SIGIL II,KEX,sigil2.wad,42333362,953f65cf079d0ba9a25be2c407da7ec1,3ed0ae536fe39b3a6363c4ca500e86aa244d4359,B0C5F16A
SIGIL II,Doom II,SIGIL II THORR Music,1.0,SIGIL_II_MP3_V1_0.WAD,146563690,732fb8f9c470e857189c206a9279af74,f3d9362ab8ff2796c5772071e06a8e6817fcf4be,A5B88587
Heretic,Heretic,shareware beta (wide area beta),1.0,HERETIC1.WAD,4095992,fc7eab659f6ee522bb57acc1a946912f,e3d56700ecc3fefbd19cafba5bac3b115120d465,864AB894
Heretic,Heretic,shareware,1.0,HERETIC1.WAD,5120300,023b52175d2f260c3bdc5528df5d0a8c,5ef073366e5ca523b26a529e843f05c4907c23a4,884A3E45
Heretic,Heretic,shareware,1.2,HERETIC1.WAD,5120920,ae779722390ec32fa37b0d361f7d82f8,b4c50ca9bea07f7c35250a1a11906091971c05ae,22D3F0CA
Heretic,Heretic,registered,1.0,HERETIC.WAD,11096488,3117e399cdb4298eaa3941625f4b2923,b5a6cc79cde48d97905b44282e82c4c966a23a87,77482D1E
Heretic,Heretic,registered,1.2,HERETIC.WAD,11095516,1e4cb4ef075ad344dd63971637307e04,a54c5d30629976a649119c5ce8babae2ddfb1a60,54759180
Heretic,Heretic,Shadow of the Serpent Riders,1.3,HERETIC.WAD,14189976,66d686b1ed6d35ff103f15dbd30e0341,f489d479371df32f6d280a0cb23b59a35ba2b833,5B16049E
Hexen,Hexen,demo beta,unnumbered,HEXEN.WAD,10615976,9178a32a496ff5befebfe6c47dac106c,f1015d659329733a237c00f2c6208243fa95e2f7,C0E5A448
Hexen,Hexen,demo,1.0,HEXEN.WAD,10644136,876a5a44c7b68f04b3bb9bc7a5bd69d6,fa89a2475855e43c7f7e3198d6e4c4bee23bfab9,77CD26C4
Hexen,Hexen,registered beta,unnumbered,HEXEN.WAD,20428208,c88a2bb3d783e2ad7b599a8e301e099e,ae797f5fdce845be24a7a24dd5bfc3e762a17bbe,5185684A
Hexen,Hexen,registered,1.0,HEXEN.WAD,20128392,b2543a03521365261d0a0f74d5dd90f0,ac129c4331bf26f0f080c4a56aaa40d64969c98a,EECE0236
Hexen,Hexen,registered,1.1,HEXEN.WAD,20083672,abb033caf81e26f12a2103e1fa25453f,4b53832f0733c1e29e5f1de2428e5475e891af29,DCA9114C
Hexen,Hexen,Macintosh,1.1-based,HEXEN.WAD,21078584,b68140a796f6fd7f3a5d3226a32b93be,4343fbe5aef905ef6d077a1517a50c919e5cc906,D6379951
Hexen,Hexen,Macintosh demo,1.0,HEXEN.WAD,13596228,925f9f5000e17dc84b0a6a3bed3a6f31,c2338e52c06c3a4925b9a9fb2c720252fe917c08,8929DBFA
Hexen,Hexen,Heretic + Hexen remaster,2.1,HEXEN.WAD,26668322,a66ae0448436a990b3aecd018bc2708a,a2ee5bc0ac7d9249d8570dc2ee85dd74d2f29936,614F74F9
Hexen,Hexen,Heretic + Hexen remaster,2.2,HEXEN.WAD,26795155,1ac69f8f51de55452bf853831c017aec,0b0bdcf11ac69439ea4e410a003c80f7f6befd98,8F9978CD
Hexen,Hexen,Heretic + Hexen remaster,2.3,HEXEN.WAD,26897845,ff3f090163719f8ecb1060886027dcd4,14590df66990c1143582733335c50df0556be487,C1C1F7C7
Hexen: Deathkings of the Dark Citadel,Hexen,expansion,1.0,HEXDD.WAD,4429700,1077432e2690d390c256ac908b5f4efa,c3065527d62b05a930fe75fe8181a64fb1982976,0C20539A
Hexen: Deathkings of the Dark Citadel,Hexen,expansion,1.1,HEXDD.WAD,4440584,78d5898e99e220e4de64edaa0e479593,081f6a2024643b54ef4a436a85508539b6d20a1e,FD5EB11D
Hexen: Deathkings of the Dark Citadel,Hexen,Heretic + Hexen remaster,2.1,HEXDD.WAD,4639055,2bb0f56ab1f98000990524c1b67e8759,a20c58783cb082b3af1102631176d704061df320,E8D6C938
Hexen: Deathkings of the Dark Citadel,Hexen,Heretic + Hexen remaster,2.2,HEXDD.WAD,4639098,c078b329f53378044b8fc28d60db8e51,daf55c6606e1229de6e244acecf4c0ee7ee93e0b,84448F38
Chex Quest,Chex Quest,retail,1996-10-31,CHEX.WAD,12361532,25485721882b050afa96a56e5758dd52,eca9cff1014ce5081804e193588d96c6ddb35432,298DD5B5
Chex Quest,Chex Quest,Macintosh prototype,1996-10-28,DOOM.WAD,14588480,f428a9a226f143a01b5782af611a83dd,8451c11659b482a2688d206172e45d74180af7d0,84948986
Chex Quest 2,Chex Quest,retail,1997,CHEX2.WAD,7585664,fdc4ffa57e1983e30912c006284a3e01,d5b970834b8ff364d377ef04eb7d12fa6035e10a,30AAB11E
Chex Quest 3,Chex Quest,fan release,1.0,CHEX3.WAD,9348448,59c985995db55cd2623c1893550d82b3,100fd7b4dec9dd299d7756cc3a6a419a94264926,A6A5BF06
Chex Quest 3,Chex Quest,fan release,1.4,CHEX3.WAD,19191031,bce163d06521f9d15f9686786e64df13,f0581563604543060c1dce2f148fd74412adb8b8,34AA2168
